PWSID,all_violations,health_violations
CT0320044,1,0
CT0347031,1,0
FL3424829,1,0
FL6295268,12,0
GA2310025,1,0
LA1019085,1,0
ME0000802,2,0
ME0094466,2,0
NJ0102001,6,0
NJ0102301,2,1
NJ0102302,1,0
NJ0103001,16,0
NJ0104322,1,1
NJ0105002,1,0
NJ0105301,1,1
NJ0105304,3,2
NJ0105323,19,1
NJ0105324,1,0
NJ0105331,14,0
NJ0105332,1,0
NJ0105333,9,9
NJ0105334,4,2
NJ0105336,1,0
NJ0105348,4,0
NJ0105350,4,3
NJ0105356,1,1
NJ0106302,1,0
NJ0106304,1,0
NJ0108006,4,0
NJ0108013,3,0
NJ0108014,1,0
NJ0108303,1,0
NJ0108313,2,0
NJ0108314,3,0
NJ0108352,6,0
NJ0108361,1,0
NJ0108407,1,0
NJ0108417,1,0
NJ0108418,1,1
NJ0109305,1,0
NJ0109307,1,1
NJ0110301,2,0
NJ0110303,1,0
NJ0110313,2,0
NJ0110316,1,0
NJ0111004,1,0
NJ0111304,2,0
NJ0111313,1,0
NJ0111314,2,0
NJ0111321,3,0
NJ0111323,1,0
NJ0111324,1,0
NJ0111374,1,1
NJ0111405,18,0
NJ0111423,1,0
NJ0111441,1,0
NJ0111444,2,0
NJ0111456,6,0
NJ0112002,2,0
NJ0112324,5,0
NJ0112325,2,1
NJ0112329,1,0
NJ0112339,1,0
NJ0112343,1,1
NJ0112348,6,0
NJ0112352,2,1
NJ0112354,1,0
NJ0113001,23,4
NJ0113321,1,0
NJ0113324,2,1
NJ0113330,13,0
NJ0113353,1,0
NJ0113354,6,0
NJ0116001,19,0
NJ0117001,2,0
NJ0117317,3,0
NJ0117329,2,0
NJ0117331,1,1
NJ0120306,2,0
NJ0120307,2,0
NJ0120311,2,0
NJ0120314,1,0
NJ0120317,2,0
NJ0122001,1,1
NJ0123002,3,0
NJ0202300,1,1
NJ0204300,2,0
NJ0205300,4,4
NJ0211001,2,1
NJ0217001,33,2
NJ0220001,1,0
NJ0220308,1,1
NJ0221001,1,1
NJ0221300,1,0
NJ0226300,2,0
NJ0228001,4,1
NJ0231001,1,1
NJ0232001,4,0
NJ0233001,2,0
NJ0233005,2,0
NJ0233306,1,0
NJ0233310,2,0
NJ0233314,3,0
NJ0238001,24,0
NJ0238300,1,0
NJ0239001,1,1
NJ0247001,1,1
NJ0248001,1,0
NJ0248302,42,0
NJ0251001,5,0
NJ0255306,14,0
NJ0257001,2,2
NJ0264001,18,0
NJ0301001,1,0
NJ0301300,1,1
NJ0301311,1,0
NJ0301326,1,0
NJ0303001,36,0
NJ0304306,1,1
NJ0305001,4,4
NJ0306306,1,0
NJ0307002,5,0
NJ0311002,1,0
NJ0311302,1,1
NJ0313001,8,0
NJ0313312,1,0
NJ0314001,1,0
NJ0315001,3,0
NJ0315301,1,1
NJ0317303,1,0
NJ0317306,38,0
NJ0318002,1,0
NJ0318303,48,0
NJ0318304,1,0
NJ0318306,2,0
NJ0318310,29,0
NJ0318312,25,0
NJ0318314,30,0
NJ0318315,27,0
NJ0318316,1,1
NJ0319001,9,0
NJ0320001,36,0
NJ0320310,1,0
NJ0320319,1,0
NJ0320320,1,0
NJ0320323,3,3
NJ0320331,1,0
NJ0320335,1,1
NJ0320347,1,1
NJ0320358,1,0
NJ0320361,1,0
NJ0320367,1,0
NJ0321310,1,0
NJ0322001,20,0
NJ0324300,11,0
NJ0325001,1,1
NJ0325302,2,0
NJ0325320,1,1
NJ0325322,1,0
NJ0326001,2,2
NJ0326003,3,2
NJ0326005,1,1
NJ0326006,1,0
NJ0326009,1,1
NJ0326313,2,0
NJ0326326,1,0
NJ0328001,3,0
NJ0329003,1,0
NJ0329004,15,0
NJ0329005,1,0
NJ0329301,2,0
NJ0329303,5,0
NJ0329316,2,0
NJ0329325,1,0
NJ0329327,3,0
NJ0329332,20,0
NJ0332001,2,0
NJ0332002,27,0
NJ0332321,10,0
NJ0333001,2,0
NJ0333002,1,0
NJ0333003,5,3
NJ0333317,1,0
NJ0333325,3,1
NJ0333329,2,0
NJ0334316,1,0
NJ0334317,1,0
NJ0335302,2,0
NJ0335304,1,0
NJ0335310,19,0
NJ0335311,7,0
NJ0335312,2,2
NJ0335320,1,1
NJ0335322,1,0
NJ0335324,2,1
NJ0335327,1,0
NJ0335329,1,0
NJ0335330,1,0
NJ0338001,2,0
NJ0338300,2,0
NJ0339001,2,0
NJ0339301,1,0
NJ0339303,1,0
NJ0339315,1,0
NJ0339320,3,0
NJ0340001,1,0
NJ0340002,1,0
NJ0404001,1,0
NJ0405001,2,0
NJ0406309,3,0
NJ0407001,2,0
NJ0408001,13,0
NJ0410310,3,1
NJ0410317,1,0
NJ0411001,1,0
NJ0412001,52,0
NJ0414001,17,0
NJ0415002,1,0
NJ0415308,1,0
NJ0415314,1,1
NJ0415325,1,0
NJ0416001,2,0
NJ0418300,1,0
NJ0424001,28,0
NJ0428302,1,0
NJ0429001,20,0
NJ0435308,1,0
NJ0435316,1,0
NJ0435322,4,1
NJ0435324,1,0
NJ0435361,1,0
NJ0435366,1,0
NJ0435374,1,0
NJ0435382,1,0
NJ0435394,18,0
NJ0435400,3,0
NJ0435402,1,0
NJ0436001,1,0
NJ0436002,1,0
NJ0436007,33,0
NJ0436010,2,0
NJ0436339,1,0
NJ0436345,1,0
NJ0436356,2,1
NJ0436359,1,1
NJ0436381,2,0
NJ0436384,1,0
NJ0436391,2,1
NJ0436395,3,0
NJ0436412,1,0
NJ0436458,1,0
NJ0436491,1,0
NJ0436495,1,0
NJ0436499,1,0
NJ0502001,1,0
NJ0503001,2,0
NJ0504337,1,1
NJ0504375,1,1
NJ0504399,1,0
NJ0504407,2,0
NJ0505002,20,0
NJ0505303,1,0
NJ0505342,30,0
NJ0505376,1,0
NJ0505391,1,0
NJ0505406,1,0
NJ0505413,1,0
NJ0506001,3,0
NJ0506008,1,0
NJ0506009,1,0
NJ0506012,1,0
NJ0506305,1,0
NJ0506321,15,0
NJ0506331,1,0
NJ0506342,1,0
NJ0506355,1,0
NJ0506370,3,0
NJ0506406,2,2
NJ0506415,1,0
NJ0506428,1,0
NJ0509001,1,0
NJ0511003,1,0
NJ0511302,1,0
NJ0511305,18,0
NJ0511308,8,0
NJ0511327,2,0
NJ0511363,1,0
NJ0511401,2,2
NJ0511900,21,0
NJ0514001,1,0
NJ0516001,1,0
NJ0516003,20,0
NJ0516308,1,0
NJ0601001,1,0
NJ0602303,2,0
NJ0602304,1,0
NJ0602305,1,0
NJ0602307,1,1
NJ0602308,1,0
NJ0602315,3,1
NJ0602316,1,0
NJ0603308,1,0
NJ0603315,1,0
NJ0603322,2,2
NJ0603324,1,1
NJ0603329,1,0
NJ0603330,1,1
NJ0603331,1,1
NJ0604301,2,2
NJ0604307,2,0
NJ0604309,2,0
NJ0604314,1,0
NJ0605002,1,1
NJ0605317,2,1
NJ0605322,1,0
NJ0605323,1,0
NJ0606303,1,0
NJ0606304,3,1
NJ0607001,1,0
NJ0607309,1,1
NJ0607310,1,1
NJ0607311,2,2
NJ0607321,1,0
NJ0607324,6,5
NJ0607325,1,0
NJ0607326,17,0
NJ0607328,1,1
NJ0607329,3,0
NJ0608309,16,0
NJ0608310,17,0
NJ0609001,3,1
NJ0609300,20,0
NJ0609311,1,1
NJ0609319,1,1
NJ0610001,14,0
NJ0610309,1,0
NJ0610310,2,0
NJ0610314,2,2
NJ0611302,1,1
NJ0612001,20,1
NJ0612303,2,2
NJ0613004,12,0
NJ0613307,9,0
NJ0613312,1,1
NJ0613320,2,2
NJ0613330,1,1
NJ0614003,24,2
NJ0614004,1,0
NJ0614005,4,2
NJ0614305,1,0
NJ0614322,1,0
NJ0614334,1,0
NJ0614348,1,0
NJ0701001,6,0
NJ0702001,6,4
NJ0702300,2,1
NJ0704001,1,0
NJ0705001,1,0
NJ0707309,3,0
NJ0708001,1,0
NJ0710001,59,0
NJ0712001,1,0
NJ0714001,5,2
NJ0715001,2,0
NJ0715002,2,0
NJ0716300,18,0
NJ0718001,4,0
NJ0720001,2,0
NJ0721001,1,0
NJ0722304,1,1
NJ0801001,1,0
NJ0801301,3,0
NJ0803001,1,1
NJ0804308,1,0
NJ0804310,2,1
NJ0804317,1,1
NJ0804320,2,0
NJ0804324,1,0
NJ0804326,1,1
NJ0804329,1,0
NJ0805003,2,1
NJ0805312,3,0
NJ0805313,2,0
NJ0805329,1,1
NJ0805335,1,0
NJ0805340,3,0
NJ0805344,1,0
NJ0805348,1,1
NJ0805359,16,0
NJ0805367,2,1
NJ0805378,1,0
NJ0805433,1,0
NJ0805440,1,1
NJ0805448,1,0
NJ0805453,2,2
NJ0805456,2,2
NJ0805458,1,0
NJ0807001,20,0
NJ0808316,2,1
NJ0808321,2,1
NJ0808323,1,0
NJ0809309,19,0
NJ0809311,1,0
NJ0810004,2,0
NJ0810005,2,2
NJ0810319,1,0
NJ0811002,5,0
NJ0811306,1,0
NJ0811316,2,2
NJ0811392,1,0
NJ0811410,1,0
NJ0811411,2,2
NJ0811415,2,0
NJ0811417,3,0
NJ0812001,1,0
NJ0813001,2,0
NJ0814001,1,1
NJ0815001,2,0
NJ0816001,1,0
NJ0816300,1,1
NJ0816303,1,1
NJ0816304,3,1
NJ0816306,1,1
NJ0818004,128,0
NJ0818376,3,0
NJ0818430,2,1
NJ0818442,2,1
NJ0818444,2,2
NJ0818449,2,1
NJ0818450,1,1
NJ0818459,2,1
NJ0818470,1,1
NJ0818473,2,0
NJ0819001,1,0
NJ0820001,3,0
NJ0820303,1,1
NJ0821001,2,0
NJ0822001,3,0
NJ0824001,3,1
NJ0824300,2,1
NJ0824308,2,0
NJ0824311,3,1
NJ0824317,1,0
NJ1001301,11,0
NJ1001302,1,1
NJ1001303,2,1
NJ1001309,2,1
NJ1002300,2,0
NJ1002308,2,1
NJ1002313,1,1
NJ1002319,1,0
NJ1005001,4,0
NJ1006304,1,0
NJ1006315,1,1
NJ1006319,1,1
NJ1006321,2,2
NJ1006323,1,1
NJ1006329,2,1
NJ1006331,2,0
NJ1006338,1,1
NJ1006349,2,2
NJ1006355,16,0
NJ1006356,1,0
NJ1006366,1,0
NJ1006367,1,1
NJ1006370,3,3
NJ1006375,1,1
NJ1007002,1,0
NJ1007305,6,0
NJ1007308,3,2
NJ1008304,1,0
NJ1008306,3,0
NJ1008309,2,2
NJ1008315,1,1
NJ1008317,1,0
NJ1008321,2,2
NJ1008325,1,0
NJ1009001,3,0
NJ1010308,1,0
NJ1010310,17,0
NJ1010311,1,0
NJ1010313,1,0
NJ1011301,2,2
NJ1012001,1,1
NJ1013001,1,0
NJ1014001,1,1
NJ1015301,2,1
NJ1015303,1,1
NJ1015310,5,0
NJ1015311,1,0
NJ1016300,1,0
NJ1016302,1,1
NJ1016307,1,0
NJ1016308,1,0
NJ1016310,1,1
NJ1016315,1,1
NJ1016318,2,2
NJ1016323,1,1
NJ1016324,21,1
NJ1017301,1,0
NJ1018300,1,1
NJ1018303,1,0
NJ1019001,1,0
NJ1019002,6,0
NJ1019300,1,1
NJ1019301,1,1
NJ1019306,1,1
NJ1019309,32,0
NJ1019326,4,2
NJ1019327,1,0
NJ1019336,1,1
NJ1019339,3,1
NJ1019341,2,1
NJ1020001,2,0
NJ1021300,3,2
NJ1021302,1,1
NJ1021305,1,0
NJ1021318,3,2
NJ1021326,2,0
NJ1021338,1,1
NJ1021351,14,0
NJ1021358,1,0
NJ1021386,7,0
NJ1021388,2,0
NJ1021393,1,0
NJ1021394,1,0
NJ1021402,4,2
NJ1021406,1,0
NJ1021408,3,2
NJ1021409,1,1
NJ1021412,1,1
NJ1021416,2,2
NJ1021433,1,1
NJ1021436,1,0
NJ1021437,2,0
NJ1021439,1,1
NJ1022305,13,0
NJ1022318,1,0
NJ1022329,1,0
NJ1022332,1,0
NJ1022333,1,0
NJ1022336,1,1
NJ1022338,1,0
NJ1022340,2,2
NJ1022342,1,0
NJ1022346,1,1
NJ1022354,3,0
NJ1022355,1,1
NJ1022357,17,0
NJ1022379,1,0
NJ1022384,52,0
NJ1022388,2,0
NJ1022389,2,0
NJ1023001,2,0
NJ1024318,2,2
NJ1024319,1,1
NJ1025307,4,3
NJ1025308,2,2
NJ1025318,3,3
NJ1025324,1,1
NJ1025329,1,0
NJ1025330,1,0
NJ1026300,15,0
NJ1026301,4,0
NJ1026302,2,2
NJ1026314,2,1
NJ1026320,1,0
NJ1101002,15,0
NJ1101303,4,3
NJ1101309,1,0
NJ1101316,1,0
NJ1101318,4,0
NJ1101322,2,0
NJ1101324,1,0
NJ1102304,1,0
NJ1102307,1,0
NJ1103001,1,0
NJ1103306,1,1
NJ1104001,1,0
NJ1106001,1,0
NJ1106002,34,0
NJ1106304,7,5
NJ1106305,1,0
NJ1106316,2,0
NJ1106317,1,0
NJ1106318,2,2
NJ1106319,1,1
NJ1106322,1,0
NJ1106329,3,2
NJ1106339,1,0
NJ1106345,1,1
NJ1106362,3,3
NJ1106363,1,1
NJ1106364,1,0
NJ1106367,3,2
NJ1106369,1,0
NJ1106370,2,1
NJ1106385,4,1
NJ1106386,2,0
NJ1106392,1,0
NJ1106393,1,0
NJ1106394,23,0
NJ1106395,1,1
NJ1106402,6,1
NJ1106404,3,0
NJ1107324,1,1
NJ1107325,13,0
NJ1108001,39,0
NJ1108300,16,0
NJ1108301,18,0
NJ1110301,14,0
NJ1111001,2,1
NJ1113301,1,0
NJ1113308,1,0
NJ1202303,1,1
NJ1202305,2,0
NJ1202321,1,0
NJ1204001,3,0
NJ1206001,2,0
NJ1207001,3,1
NJ1209002,2,2
NJ1213002,20,0
NJ1213313,1,1
NJ1213349,1,0
NJ1213353,1,0
NJ1214001,3,0
NJ1216001,17,0
NJ1219001,2,0
NJ1221004,5,0
NJ1221306,1,0
NJ1223001,2,0
NJ1224001,3,1
NJ1225001,2,0
NJ1225300,1,1
NJ1302300,1,0
NJ1304001,18,0
NJ1305001,5,1
NJ1306001,1,0
NJ1308001,1,0
NJ1309306,1,0
NJ1309310,2,2
NJ1309312,2,2
NJ1309313,2,2
NJ1309321,53,1
NJ1309336,3,0
NJ1309337,3,1
NJ1309409,1,0
NJ1309411,1,0
NJ1309415,2,2
NJ1309417,8,0
NJ1309424,1,0
NJ1309426,3,3
NJ1311001,1,0
NJ1312001,1,0
NJ1315001,3,0
NJ1316301,1,0
NJ1316304,1,1
NJ1316312,1,0
NJ1316325,2,1
NJ1316331,1,0
NJ1316367,3,0
NJ1316369,3,0
NJ1319003,1,0
NJ1319326,2,1
NJ1319332,1,0
NJ1319333,1,0
NJ1319354,1,0
NJ1319384,1,0
NJ1319397,1,0
NJ1319408,3,1
NJ1319454,2,2
NJ1319474,1,0
NJ1319479,1,0
NJ1319484,1,0
NJ1319492,1,0
NJ1319494,1,0
NJ1321001,22,2
NJ1322001,2,0
NJ1326310,1,0
NJ1326313,1,0
NJ1326347,1,0
NJ1326349,1,0
NJ1326371,1,0
NJ1326375,2,1
NJ1327001,2,0
NJ1328002,3,1
NJ1328003,19,0
NJ1329001,3,1
NJ1330002,13,3
NJ1330003,8,1
NJ1330004,6,0
NJ1331001,2,0
NJ1332301,3,0
NJ1332305,1,1
NJ1332310,1,1
NJ1332313,2,0
NJ1332323,1,1
NJ1332340,1,1
NJ1332341,1,0
NJ1332350,2,1
NJ1332356,1,1
NJ1332360,1,0
NJ1332365,1,1
NJ1332379,1,0
NJ1332384,2,0
NJ1332386,1,0
NJ1332387,3,0
NJ1332389,1,0
NJ1340001,20,1
NJ1341001,5,0
NJ1344001,1,0
NJ1345001,3,0
NJ1351313,4,2
NJ1351315,2,1
NJ1351322,18,0
NJ1351326,2,2
NJ1351329,2,1
NJ1351331,1,0
NJ1351332,1,0
NJ1351337,2,0
NJ1352003,2,1
NJ1352005,1,0
NJ1352309,1,0
NJ1352331,1,0
NJ1352340,1,0
NJ1352343,1,0
NJ1401001,3,0
NJ1401002,2,0
NJ1402303,9,0
NJ1402305,10,0
NJ1404001,1,0
NJ1406002,1,1
NJ1406304,20,0
NJ1406324,2,0
NJ1406331,2,2
NJ1407304,3,3
NJ1407306,1,1
NJ1407313,3,0
NJ1407321,15,0
NJ1407332,1,1
NJ1407334,1,1
NJ1407335,2,2
NJ1408001,18,0
NJ1409001,3,1
NJ1410001,21,0
NJ1410300,16,0
NJ1413300,14,0
NJ1413303,1,1
NJ1413309,3,0
NJ1413315,1,1
NJ1414003,16,0
NJ1414006,1,0
NJ1414011,3,2
NJ1414014,1,0
NJ1414016,2,0
NJ1414302,3,2
NJ1414303,1,0
NJ1414309,6,0
NJ1414321,1,0
NJ1414340,3,1
NJ1414349,1,0
NJ1414350,2,2
NJ1414355,3,2
NJ1414361,2,0
NJ1414366,2,0
NJ1414377,1,1
NJ1414386,1,0
NJ1414406,4,1
NJ1414419,1,0
NJ1415001,1,0
NJ1415002,4,2
NJ1415301,2,0
NJ1415305,1,1
NJ1415307,18,1
NJ1418002,1,0
NJ1419303,1,0
NJ1419305,1,0
NJ1419306,1,0
NJ1420001,3,0
NJ1420306,1,1
NJ1421003,1,0
NJ1421305,2,0
NJ1421321,2,0
NJ1421340,1,0
NJ1421347,18,0
NJ1422312,1,0
NJ1424001,47,0
NJ1424300,7,0
NJ1426002,1,0
NJ1426005,1,0
NJ1427001,3,0
NJ1427002,57,0
NJ1427005,22,0
NJ1427006,17,0
NJ1427008,1,0
NJ1427010,1,0
NJ1427012,3,0
NJ1427013,1,0
NJ1427014,4,0
NJ1427015,5,0
NJ1427018,2,0
NJ1427306,1,0
NJ1427308,1,0
NJ1427310,1,0
NJ1427311,4,0
NJ1427319,1,0
NJ1427334,3,2
NJ1427340,2,0
NJ1427354,1,0
NJ1427362,1,0
NJ1427376,1,0
NJ1427381,1,1
NJ1427384,1,0
NJ1427386,2,2
NJ1427395,1,1
NJ1427399,1,0
NJ1427400,1,0
NJ1427401,2,0
NJ1427403,2,2
NJ1427404,1,1
NJ1427405,2,2
NJ1427412,2,0
NJ1427415,6,3
NJ1427418,1,0
NJ1427419,1,1
NJ1428001,1,0
NJ1428300,23,4
NJ1429001,2,0
NJ1429302,19,0
NJ1429307,1,0
NJ1431001,3,0
NJ1432001,30,0
NJ1432003,2,1
NJ1432311,2,1
NJ1432319,1,1
NJ1432343,1,0
NJ1432347,2,0
NJ1432349,34,0
NJ1432351,2,2
NJ1433001,1,0
NJ1433303,1,0
NJ1434001,2,1
NJ1435002,5,0
NJ1435310,14,4
NJ1435313,1,1
NJ1435318,14,0
NJ1435322,1,1
NJ1435323,2,0
NJ1435331,1,1
NJ1435346,1,0
NJ1436002,16,0
NJ1436003,2,0
NJ1436300,3,2
NJ1436304,20,0
NJ1436311,15,0
NJ1436324,3,0
NJ1436338,1,1
NJ1436355,1,0
NJ1436360,4,0
NJ1436363,1,1
NJ1436369,1,0
NJ1436385,5,0
NJ1436386,17,0
NJ1438001,2,1
NJ1438003,1,0
NJ1438004,18,0
NJ1438006,3,3
NJ1438300,1,0
NJ1438310,1,0
NJ1438323,1,1
NJ1438325,19,0
NJ1438328,2,1
NJ1438340,2,0
NJ1438341,3,1
NJ1438343,4,3
NJ1438346,3,0
NJ1439001,2,0
NJ1501001,5,0
NJ1503001,1,1
NJ1505002,12,0
NJ1505306,1,1
NJ1505308,1,1
NJ1505312,5,5
NJ1505324,16,0
NJ1505342,1,1
NJ1505360,2,0
NJ1505382,1,0
NJ1505390,1,0
NJ1506001,2,0
NJ1507335,1,0
NJ1508305,1,0
NJ1508317,1,1
NJ1508322,1,1
NJ1508323,3,0
NJ1510001,1,1
NJ1511011,3,0
NJ1511016,1,0
NJ1511309,1,0
NJ1511316,1,1
NJ1511327,1,0
NJ1511363,4,2
NJ1511404,4,3
NJ1511415,22,0
NJ1511426,1,1
NJ1511429,17,0
NJ1511430,1,1
NJ1512001,19,1
NJ1513001,1,0
NJ1514002,1,0
NJ1514342,1,0
NJ1515001,1,0
NJ1516363,1,0
NJ1517002,1,0
NJ1517003,1,0
NJ1517004,1,0
NJ1517006,2,0
NJ1518005,2,0
NJ1518328,2,1
NJ1518329,1,1
NJ1518335,1,1
NJ1518336,4,3
NJ1518337,1,1
NJ1518360,1,0
NJ1518365,1,0
NJ1520001,2,0
NJ1520304,1,0
NJ1520316,1,0
NJ1522001,1,0
NJ1523001,13,0
NJ1523002,1,0
NJ1523321,1,0
NJ1523329,1,0
NJ1524001,15,1
NJ1526001,1,0
NJ1530004,22,0
NJ1530005,2,0
NJ1530331,1,1
NJ1530389,2,1
NJ1530391,1,0
NJ1530392,3,0
NJ1531001,2,0
NJ1533001,3,0
NJ1601001,1,0
NJ1602301,54,0
NJ1602307,1,1
NJ1603304,1,0
NJ1605303,1,0
NJ1609001,2,0
NJ1611002,1,0
NJ1611304,1,1
NJ1611305,1,1
NJ1611306,2,2
NJ1611310,1,0
NJ1611313,1,1
NJ1611318,2,2
NJ1611324,1,0
NJ1611369,1,1
NJ1611370,4,0
NJ1612301,1,0
NJ1613001,6,0
NJ1615001,17,0
NJ1615002,2,0
NJ1615003,1,1
NJ1615006,3,0
NJ1615009,1,0
NJ1615012,17,1
NJ1615014,2,0
NJ1615016,7,0
NJ1615017,1,0
NJ1615018,2,0
NJ1615020,1,0
NJ1615308,2,0
NJ1615310,3,3
NJ1615319,4,2
NJ1615320,1,1
NJ1615331,1,0
NJ1615335,1,0
NJ1615337,7,0
NJ1615339,2,1
NJ1615340,1,1
NJ1615344,2,2
NJ1615360,1,1
NJ1615368,1,0
NJ1615369,2,0
NJ1615370,1,0
NJ1615374,2,2
NJ1615379,2,1
NJ1615381,3,1
NJ1615383,1,1
NJ1615384,4,0
NJ1615385,1,0
NJ1615387,1,0
NJ1615389,3,1
NJ1615390,1,0
NJ1615391,20,0
NJ1615397,1,0
NJ1615398,2,2
NJ1615399,1,0
NJ1615400,1,0
NJ1615411,2,2
NJ1615416,1,1
NJ1615418,1,1
NJ1615419,1,0
NJ1615421,3,1
NJ1615422,1,0
NJ1615434,1,1
NJ1615442,4,1
NJ1615447,1,0
NJ1615449,1,1
NJ1615450,1,0
NJ1616001,1,1
NJ1701326,1,0
NJ1702001,1,1
NJ1703305,1,0
NJ1704001,2,2
NJ1704304,1,1
NJ1704306,1,1
NJ1704307,1,0
NJ1704315,1,1
NJ1704316,2,1
NJ1706001,1,0
NJ1706300,6,0
NJ1706303,47,3
NJ1706305,2,0
NJ1706309,2,0
NJ1706310,1,0
NJ1708001,65,1
NJ1708300,5,3
NJ1709308,2,2
NJ1709324,1,0
NJ1709326,1,1
NJ1709331,2,1
NJ1709332,1,1
NJ1710304,17,1
NJ1710306,1,1
NJ1710311,1,0
NJ1710312,1,0
NJ1711300,2,2
NJ1711302,1,0
NJ1712001,9,0
NJ1713314,1,0
NJ1714001,9,0
NJ1714003,2,0
NJ1714300,17,0
NJ1714302,1,0
NJ1714309,1,1
NJ1714311,2,1
NJ1714326,1,1
NJ1715001,7,0
NJ1801307,2,2
NJ1801311,2,1
NJ1805396,1,0
NJ1805400,1,0
NJ1805401,2,0
NJ1806336,1,1
NJ1806359,8,0
NJ1808001,2,1
NJ1808318,7,0
NJ1808341,1,1
NJ1808342,2,1
NJ1808360,2,2
NJ1808373,1,0
NJ1808374,11,8
NJ1810309,2,0
NJ1810342,1,1
NJ1810355,1,0
NJ1813301,1,0
NJ1813310,1,1
NJ1813322,1,0
NJ1813325,1,1
NJ1815300,1,0
NJ1817001,1,0
NJ1902005,2,0
NJ1902007,3,0
NJ1902300,1,1
NJ1902304,1,0
NJ1902312,1,1
NJ1902317,2,0
NJ1902320,3,1
NJ1902346,2,1
NJ1902352,1,1
NJ1902364,2,0
NJ1902366,34,0
NJ1904001,1,0
NJ1904003,1,0
NJ1904004,11,6
NJ1904006,2,1
NJ1904007,1,1
NJ1904009,3,2
NJ1904306,1,0
NJ1904316,3,2
NJ1904318,2,1
NJ1904320,2,1
NJ1904325,1,0
NJ1904342,1,1
NJ1904343,3,2
NJ1904351,2,2
NJ1904357,1,0
NJ1904361,1,1
NJ1904362,1,1
NJ1905002,1,0
NJ1905302,4,2
NJ1905318,1,0
NJ1905320,3,2
NJ1905322,2,0
NJ1905325,5,0
NJ1905333,3,2
NJ1905338,1,1
NJ1905342,2,2
NJ1905343,1,1
NJ1905344,3,2
NJ1905345,1,1
NJ1905351,1,0
NJ1905355,1,0
NJ1905356,1,1
NJ1906001,4,0
NJ1906302,1,1
NJ1906304,1,1
NJ1906314,1,0
NJ1906316,1,0
NJ1907001,1,0
NJ1907306,1,1
NJ1907307,4,3
NJ1907309,2,1
NJ1908300,1,0
NJ1908308,2,1
NJ1908310,2,1
NJ1908317,1,0
NJ1908319,6,5
NJ1908326,4,2
NJ1909001,2,0
NJ1910303,1,1
NJ1910313,1,1
NJ1910319,1,1
NJ1910320,1,1
NJ1910323,1,0
NJ1910327,1,0
NJ1910328,1,0
NJ1910333,1,1
NJ1910334,1,0
NJ1910338,1,1
NJ1910341,2,2
NJ1911001,2,0
NJ1911002,3,0
NJ1911003,1,0
NJ1911004,1,0
NJ1911301,1,0
NJ1911302,1,1
NJ1911311,2,1
NJ1911319,3,1
NJ1911344,1,0
NJ1911349,2,0
NJ1911353,1,0
NJ1912001,40,1
NJ1912007,1,0
NJ1912300,1,0
NJ1912307,1,1
NJ1912329,1,1
NJ1913306,7,0
NJ1913312,1,1
NJ1913320,2,1
NJ1913321,3,3
NJ1913323,1,1
NJ1914308,1,1
NJ1914313,1,0
NJ1914316,2,1
NJ1914317,2,0
NJ1914319,1,1
NJ1914320,2,1
NJ1914332,3,1
NJ1914333,4,3
NJ1914334,3,3
NJ1914335,1,1
NJ1914336,1,1
NJ1914338,1,0
NJ1915001,1,0
NJ1915304,1,0
NJ1916001,4,0
NJ1917300,1,0
NJ1917302,1,0
NJ1917303,2,0
NJ1917304,1,0
NJ1917305,1,0
NJ1917315,2,2
NJ1917316,2,0
NJ1917317,1,1
NJ1917321,20,0
NJ1917326,2,1
NJ1917331,1,0
NJ1917335,1,0
NJ1918003,1,0
NJ1918004,4,1
NJ1918013,1,1
NJ1918309,2,2
NJ1918312,1,0
NJ1918339,2,1
NJ1918350,1,0
NJ1918352,2,1
NJ1919001,20,0
NJ1920001,58,0
NJ1920301,1,0
NJ1920302,2,0
NJ1920309,3,3
NJ1920320,1,1
NJ1920328,1,0
NJ1920329,1,0
NJ1920336,1,1
NJ1920337,2,2
NJ1921001,11,6
NJ1922011,2,0
NJ1922022,1,1
NJ1922304,3,1
NJ1922325,1,0
NJ1922337,1,0
NJ1922378,2,1
NJ1922384,2,1
NJ1922387,1,1
NJ1922390,1,1
NJ1922394,2,1
NJ1922396,1,1
NJ1922397,1,1
NJ1922400,38,0
NJ1922401,1,0
NJ1922404,3,3
NJ1922406,1,0
NJ1922407,1,0
NJ1922408,1,0
NJ1923309,1,1
NJ1924002,2,0
NJ1924305,2,0
NJ1924311,2,1
NJ1924317,2,2
NJ1924322,1,0
NJ1924329,2,0
NJ1924335,8,3
NJ1924338,1,0
NJ1924346,18,0
NJ1924348,1,1
NJ1924350,1,0
NJ1924353,8,1
NJ1924357,1,1
NJ1924362,1,1
NJ1924363,2,2
NJ1924365,1,1
NJ1924366,4,3
NJ1924369,1,0
NJ2011315,1,1
NJ2016300,4,0
NJ2021001,2,1
NJ2101001,2,0
NJ2101302,1,1
NJ2101314,3,3
NJ2102001,22,0
NJ2103002,3,2
NJ2103306,1,1
NJ2104001,4,0
NJ2104300,1,0
NJ2104302,2,1
NJ2104305,2,2
NJ2104311,2,0
NJ2104314,4,2
NJ2104315,1,0
NJ2104317,4,2
NJ2104318,1,1
NJ2104328,3,2
NJ2104330,3,2
NJ2104331,2,1
NJ2104334,1,0
NJ2104339,2,2
NJ2104341,2,2
NJ2104343,1,1
NJ2104346,1,0
NJ2105300,2,0
NJ2105306,3,1
NJ2105308,1,0
NJ2105311,2,1
NJ2105319,1,0
NJ2105323,5,1
NJ2105329,4,4
NJ2106307,1,1
NJ2106309,1,0
NJ2106313,1,1
NJ2107304,5,2
NJ2107312,1,0
NJ2107320,1,1
NJ2108001,3,1
NJ2109300,2,0
NJ2109303,2,2
NJ2109306,1,0
NJ2109307,1,1
NJ2109311,2,2
NJ2109314,1,0
NJ2109316,2,1
NJ2109320,4,3
NJ2109321,3,3
NJ2110302,8,4
NJ2110313,1,1
NJ2110323,6,5
NJ2111300,2,2
NJ2111301,1,1
NJ2111303,1,0
NJ2111305,2,0
NJ2111307,5,5
NJ2111313,1,0
NJ2111314,1,0
NJ2111321,1,0
NJ2112305,1,1
NJ2112306,1,1
NJ2112308,1,1
NJ2113002,1,1
NJ2113003,2,2
NJ2113301,3,1
NJ2113302,3,2
NJ2113307,2,2
NJ2113311,3,0
NJ2113315,7,3
NJ2113320,5,3
NJ2113321,2,2
NJ2113326,2,2
NJ2113328,6,5
NJ2113335,5,3
NJ2113340,2,2
NJ2114316,1,1
NJ2114317,1,0
NJ2114321,3,2
NJ2116002,1,0
NJ2116004,2,0
NJ2116322,3,2
NJ2116327,2,2
NJ2116333,4,3
NJ2116335,1,1
NJ2116342,1,0
NJ2117003,5,0
NJ2117305,2,1
NJ2117318,2,1
NJ2120001,2,0
NJ2120300,1,0
NJ2122320,1,1
NJ2122328,1,1
NJ2122331,5,4
NJ2123002,1,0
NJ2123003,3,0
NJ2123300,2,2
NJ2123307,1,0
NJ2123310,1,0
NJ2123317,1,0
NJ2123322,2,0
NJ2123325,7,5
NJ2123334,2,0
NJ2123341,1,1
NJ2123342,2,1
NJ2123347,1,1
NJ2123349,1,0
NJ2123350,2,2
NJ2123351,2,2
NY0310353,1,1
NY1030021,3,0
NY1218319,4,0
NY1701511,2,0
NY1710675,1,0
NY1901865,1,0
NY1904289,2,0
NY3520933,22,0
NY3522324,2,0
NY3530257,1,0
NY4120565,2,0
NY4708608,3,1
NY4710773,1,0
NY4719935,2,0
NY5203868,1,0
NY5203880,1,0
NY5206809,1,0
NY5207368,1,0
NY5207491,1,0
NY5214965,1,0
NY5218391,1,0
NY5220957,3,0
NY5503186,3,0
NY5506848,1,0
NY5506872,1,0
NY5506881,5,0
NY5507077,1,0
NY5507115,2,0
NY5518034,1,1
NY5520070,1,0
NY5615162,1,0
NY5618139,5,0
NY5730113,2,0
PA1090106,1,0
PA1091343,1,0
PA1150892,1,0
PA2350309,3,1
PA2400007,3,0
PA2400008,1,0
PA2450004,11,0
PA2450104,17,0
PA2450419,3,0
PA2451070,2,0
PA2451380,2,0
PA2520110,33,0
PA2520405,3,2
PA2520893,1,0
PA2520974,17,0
PA2521010,3,1
PA2640465,1,1
PA2640473,1,0
PA2640932,1,1
PA3061196,1,0
PA3480054,17,0
PA4310827,1,0
PA6200066,2,0
PA6250085,7,0
PA6370015,9,0
PA6430001,35,0
PA7380009,15,0
RI1559513,1,1
TX0200355,1,0
TX1012765,11,0
TX1013163,3,0
VT0006661,6,0
VT0021023,1,1
VT0021239,1,0
WI2650399,3,3
